filename,chains,actual_res,expected_res,completeness
9yd3.cif,1,173,0,0
3f4g.cif,2,128,0,0
4u3r.cif,1,106,0,0
3e5c.cif,1,138,0,0
1xv6.cif,1,360,0,0
2mvs.cif,1,20,0,0
1ekd.cif,1,16,0,0
5vcf.cif,2,35,0,0
3oxj.cif,1,260,0,0
5vh8.cif,1,600,0,0
5o62.cif,1,127,0,0
4rj1.cif,1,88,0,0
1aqo.cif,1,435,0,0
6n8f.cif,2,480,0,0
6mj0.cif,1,202,0,0
1lc6.cif,1,960,0,0
5vj9.cif,1,356,0,0
3gx7.cif,1,101,0,0
2dd2.cif,2,540,0,0
9lee.cif,1,3360,0,0
2b8s.cif,1,175,0,0
7lne.cif,1,133,0,0
9e75.cif,1,155,0,0
1gid.cif,1,350,0,0
4jah.cif,1,193,0,0
9od5.cif,1,230,0,0
4xw1.cif,1,17,0,0
1rna.cif,1,119,0,0
8za0.cif,2,243,0,0
1nz1.cif,1,408,0,0
2h1m.cif,1,35,0,0
4y1j.cif,1,487,0,0
2khy.cif,1,380,0,0
6tb7.cif,1,82,0,0
9zbq.cif,1,387,0,0
1rmn.cif,1,49,0,0
6e7l.cif,1,33,0,0
1bz2.cif,1,17,0,0
8skq.cif,1,33,0,0
6wln.cif,1,27920,0,0
3cjz.cif,1,141,0,0
1z7f.cif,1,117,0,0
2xo1.cif,1,303,0,0
7kum.cif,1,149,0,0
3b31.cif,2,193,0,0
6t3s.cif,1,449,0,0
5hnq.cif,1,110,0,0
9is7.cif,2,738,0,0
6va3.cif,2,440,0,0
8yan.cif,1,39,0,0
2wna.cif,1,67,0,0
8uo6.cif,1,268,0,0
1qc8.cif,1,725,0,0
9ios.cif,1,220,0,0
9hrg.cif,1,576,0,0
6ymk.cif,2,319,0,0
6bmd.cif,2,133,0,0
2kpc.cif,1,170,0,0
8xzr.cif,1,113,0,0
7lva.cif,1,1030,0,0
8f0n.cif,1,140,0,0
2eev.cif,1,380,0,0
6tf1.cif,1,79,0,0
462d.cif,1,294,0,0
2l1f.cif,2,2620,0,0
8q4o.cif,1,230,0,0
7eom.cif,1,89,0,0
7lyg.cif,1,142,0,0
8i43.cif,1,220,0,0
2gdi.cif,1,485,0,0
5v1l.cif,1,391,0,0
8sa3.cif,1,422,0,0
4xk0.cif,1,85,0,0
4tna.cif,1,80,0,0
6qit.cif,1,211,0,0
2k4c.cif,1,76,0,0
6wy3.cif,1,227,0,0
2krv.cif,1,170,0,0
1qwb.cif,1,442,0,0
6dme.cif,1,125,0,0
2gcv.cif,2,304,0,0
2k95.cif,1,960,0,0
2ms5.cif,1,18,0,0
3b4c.cif,2,150,0,0
4mgm.cif,1,140,0,0
299d.cif,2,41,0,0
2cky.cif,1,178,0,0
3eoh.cif,2,440,0,0
1ju7.cif,1,160,0,0
7a9o.cif,4,185,0,0
7ouo.cif,1,19,0,0
8run.cif,1,485,0,0
6dlr.cif,1,139,0,0
6zw3.cif,4,226,0,0
9iwf.cif,1,267,0,0
9if1.cif,1,37,0,0
2lub.cif,1,370,0,0
2k5z.cif,1,290,0,0
7umd.cif,1,400,0,0
3dw7.cif,1,183,0,0
6cb3.cif,1,600,0,0
9v4x.cif,1,81,0,0
6zrs.cif,4,220,0,0
3p4c.cif,1,112,0,0
4e8m.cif,1,458,0,0
2ixy.cif,1,621,0,0
8k0p.cif,1,1088,0,0
6ufg.cif,2,254,0,0
5hby.cif,1,83,0,0
5fk2.cif,1,120,0,0
8fcs.cif,1,1420,0,0
1tut.cif,2,22,0,0
4e8v.cif,1,475,0,0
7d7x.cif,1,101,0,0
1b36.cif,1,380,0,0
2lbj.cif,1,136,0,0
2kyd.cif,1,640,0,0
8k0y.cif,1,134,0,0
9m79.cif,1,498,0,0
469d.cif,1,130,0,0
9le6.cif,1,2988,0,0
8swg.cif,1,85,0,0
2l8f.cif,2,220,0,0
2rp1.cif,1,27,0,0
8amn.cif,1,285,0,0
5ued.cif,1,127,0,0
2lvy.cif,2,360,0,0
6n5o.cif,1,138,0,0
4rbq.cif,1,284,0,0
8sxl.cif,1,50,0,0
2gq7.cif,2,572,0,0
7ecl.cif,1,167,0,0
4gxy.cif,1,175,0,0
2kxz.cif,1,154,0,0
4rbz.cif,1,94,0,0
6e80.cif,1,49,0,0
4feo.cif,1,766,0,0
4y27.cif,1,170,0,0
7q7x.cif,3,80,0,0
1k6g.cif,1,440,0,0
5v9z.cif,2,46,0,0
9bz1.cif,1,219,0,0
9csp.cif,1,121,0,0
413d.cif,1,50,0,0
9bxe.cif,1,660,0,0
2mfd.cif,1,380,0,0
8qo2.cif,1,2220,0,0
2tob.cif,1,299,0,0
7rwr.cif,1,390,0,0
6wjs.cif,1,110,0,0
1c0o.cif,1,285,0,0
9c6k.cif,1,89,0,0
5lyu.cif,1,349,0,0
6jq5.cif,1,243,0,0
6d8n.cif,1,328,0,0
6ck4.cif,1,484,0,0
9mfh.cif,1,265,0,0
5ny8.cif,1,107,0,0
2bcz.cif,4,69,0,0
2hol.cif,1,107,0,0
7k4l.cif,1,360,0,0
4o41.cif,1,331,0,0
6vmy.cif,1,216,0,0
9mdy.cif,1,119,0,0
3dis.cif,1,192,0,0
3syw.cif,1,216,0,0
1slp.cif,1,304,0,0
1p79.cif,1,38,0,0
9e5p.cif,1,465,0,0
7kub.cif,1,600,0,0
2g91.cif,1,107,0,0
3ger.cif,1,323,0,0
1p5m.cif,1,1210,0,0
8x9q.cif,1,766,0,0
1zci.cif,1,403,0,0
2qh2.cif,1,480,0,0
3npq.cif,1,743,0,0
3c44.cif,1,193,0,0
6dn2.cif,2,126,0,0
1h0q.cif,2,360,0,0
8zau.cif,1,96,0,0
5t83.cif,1,124,0,0
6hbt.cif,1,61,0,0
8vjt.cif,1,60,0,0
2lpa.cif,1,150,0,0
9ja9.cif,1,45,0,0
4wfm.cif,1,234,0,0
2m24.cif,1,580,0,0
9blm.cif,1,680,0,0
5a17.cif,1,320,0,0
5der.cif,1,226,0,0
7vft.cif,1,130,0,0
1f7g.cif,1,459,0,0
2m39.cif,1,216,0,0
2xnz.cif,1,295,0,0
4nyg.cif,1,90,0,0
7qa2.cif,1,440,0,0
3skl.cif,1,155,0,0
1evv.cif,1,307,0,0
2lps.cif,1,170,0,0
6vwv.cif,1,149,0,0
3p59.cif,2,228,0,0
1i4b.cif,1,13,0,0
2l3e.cif,1,700,0,0
8q6n.cif,1,64,0,0
6c64.cif,2,114,0,0
3slq.cif,1,148,0,0
2x2q.cif,2,131,0,0
466d.cif,2,115,0,0
6ufm.cif,2,176,0,0
1akx.cif,1,31,0,0
4nfo.cif,1,71,0,0
1lnt.cif,2,138,0,0
2ro2.cif,1,23,0,0
8eyw.cif,1,214,0,0
7ptq.cif,1,544,0,0
4tra.cif,1,203,0,0
1scl.cif,1,174,0,0
7wii.cif,1,51,0,0
3r1d.cif,1,271,0,0
2kbp.cif,1,240,0,0
2jyj.cif,1,860,0,0
9cpg.cif,1,540,0,0
6xww.cif,1,190,0,0
9fn2.cif,1,165,0,0
4g6s.cif,3,68,0,0
1uui.cif,1,30,0,0
1ymo.cif,1,940,0,0
1rfr.cif,1,600,0,0
2es5.cif,1,460,0,0
6cy4.cif,1,109,0,0
1fl8.cif,1,340,0,0
4xnr.cif,1,142,0,0
1mv2.cif,1,18,0,0
1fhk.cif,1,210,0,0
1jtw.cif,1,414,0,0
7jnh.cif,2,151,0,0
3oxe.cif,2,252,0,0
6e1u.cif,1,85,0,0
8yno.cif,1,195,0,0
4oji.cif,1,107,0,0
6jjh.cif,1,30,0,0
3gx2.cif,1,102,0,0
5fke.cif,1,114,0,0
3ok2.cif,2,302,0,0
2q1o.cif,1,371,0,0
6c8k.cif,1,51,0,0
2p89.cif,2,960,0,0
4kqy.cif,1,130,0,0
7ei8.cif,1,90,0,0
8hzl.cif,1,310,0,0
7efg.cif,1,22,0,0
8xtr.cif,2,776,0,0
5btm.cif,1,92,0,0
5mwi.cif,1,99,0,0
8za4.cif,2,93,0,0
9obm.cif,1,1460,0,0
1x8w.cif,1,1006,0,0
1csl.cif,2,172,0,0
397d.cif,2,209,0,0
4msr.cif,1,145,0,0
5lys.cif,1,302,0,0
1yg3.cif,1,560,0,0
6wlr.cif,1,2380,0,0
6t3n.cif,1,448,0,0
1nbk.cif,1,36,0,0
4ds6.cif,1,438,0,0
9cbw.cif,1,550,0,0
6e8u.cif,1,189,0,0
6i1w.cif,2,180,0,0
9g4i.cif,1,273,0,0
7fhi.cif,1,231,0,0
4b5r.cif,1,114,0,0
4lvx.cif,1,259,0,0
9g4r.cif,1,52,0,0
3a3a.cif,1,86,0,0
1f84.cif,1,725,0,0
435d.cif,2,163,0,0
1f78.cif,1,28,0,0
8xzm.cif,1,94,0,0
7xd3.cif,1,451,0,0
6uc8.cif,1,308,0,0
2ku0.cif,1,390,0,0
9sy4.cif,1,140,0,0
1t0e.cif,2,167,0,0
1pbl.cif,1,12,0,0
7eoh.cif,1,199,0,0
9lkv.cif,1,82,0,0
5kmz.cif,1,310,0,0
8tns.cif,1,480,0,0
4frg.cif,1,203,0,0
5v0k.cif,1,47,0,0
1wks.cif,1,357,0,0
2krq.cif,1,170,0,0
1h1k.cif,6,1906,0,0
3jxr.cif,1,78,0,0
4meg.cif,2,156,0,0
1fuf.cif,1,98,0,0
9sxv.cif,1,140,0,0
2krz.cif,1,170,0,0
1zfv.cif,4,97,0,0
9l0r.cif,1,7740,0,0
8rui.cif,1,468,0,0
3igi.cif,2,553,0,0
6u7z.cif,2,36,0,0
7d81.cif,1,81,0,0
4u35.cif,2,80,0,0
1ylg.cif,1,620,0,0
7a9s.cif,4,137,0,0
5krg.cif,1,156,0,0
2npz.cif,4,66,0,0
7oav.cif,1,226,0,0
1uts.cif,1,480,0,0
2n2p.cif,1,230,0,0
1qes.cif,1,480,0,0
4e8q.cif,1,502,0,0
3gs1.cif,4,65,0,0
6ugg.cif,1,177,0,0
7jju.cif,1,126,0,0
2kwg.cif,2,420,0,0
3f2y.cif,1,127,0,0
8ami.cif,1,63,0,0
2l6i.cif,1,432,0,0
8hba.cif,1,102,0,0
7eaf.cif,1,107,0,0
1hwq.cif,1,600,0,0
1ehz.cif,1,245,0,0
6n5s.cif,1,139,0,0
1kd3.cif,1,98,0,0
1wtt.cif,1,154,0,0
4fej.cif,1,669,0,0
2cd3.cif,1,27,0,0
8u5z.cif,1,208,0,0
1syz.cif,1,336,0,0
7ecp.cif,1,57,0,0
8zmh.cif,1,169,0,0
5ay3.cif,1,195,0,0
9zc9.cif,1,730,0,0
3tra.cif,1,188,0,0
6e84.cif,1,38,0,0
7edu.cif,1,67,0,0
2xeb.cif,2,330,0,0
4en5.cif,1,103,0,0
2mi0.cif,2,903,0,0
8olv.cif,1,448,0,0
1j9h.cif,1,186,0,0
2nbx.cif,1,1080,0,0
8uym.cif,1,4050,0,0
8vaw.cif,1,201,0,0
8vxz.cif,1,125,0,0
2f88.cif,1,340,0,0
2g1w.cif,1,330,0,0
2tpk.cif,1,36,0,0
300d.cif,2,47,0,0
6bgb.cif,1,58,0,0
1f27.cif,2,221,0,0
2ljj.cif,1,540,0,0
2f4t.cif,2,45,0,0
2hop.cif,1,81,0,0
1y6t.cif,1,86,0,0
4a4s.cif,1,154,0,0
9e5k.cif,1,1124,0,0
7xsm.cif,1,388,0,0
9ljn.cif,1,92,0,0
8thv.cif,1,580,0,0
8x9l.cif,2,768,0,0
4enb.cif,1,100,0,0
4rkv.cif,1,76,0,0
9e5t.cif,1,519,0,0
6u79.cif,1,370,0,0
2yie.cif,2,157,0,0
7tzt.cif,1,83,0,0
7elq.cif,1,191,0,0
2gvo.cif,1,378,0,0
8cf2.cif,2,322,0,0
9cfn.cif,1,135,0,0
165d.cif,1,76,0,0
7kvt.cif,1,95,0,0
7shx.cif,1,94,0,0
8z8q.cif,1,140,0,0
6hbx.cif,1,73,0,0
6w3m.cif,1,410,0,0
4nyb.cif,1,104,0,0
2pn9.cif,2,320,0,0
439d.cif,2,77,0,0
1bgz.cif,1,138,0,0
2ky0.cif,1,220,0,0
4rc0.cif,1,81,0,0
9v4y.cif,1,106,0,0
2a2e.cif,1,321,0,0
3zd5.cif,2,97,0,0
5v3f.cif,1,209,0,0
9h8a.cif,2,288,0,0
1f6x.cif,1,27,0,0
6tfh.cif,1,63,0,0
2rn1.cif,2,544,0,0
1zih.cif,1,120,0,0
7ptl.cif,1,720,0,0
2kuu.cif,1,576,0,0
7dd4.cif,1,396,0,0
3d2v.cif,1,720,0,0
3bbk.cif,3,70,0,0
1uud.cif,1,30,0,0
1s9l.cif,1,400,0,0
1kpy.cif,1,420,0,0
5do5.cif,1,79,0,0
1vtq.cif,1,75,0,0
4faw.cif,2,473,0,0
2r21.cif,1,193,0,0
7zj5.cif,1,375,0,0
4iqs.cif,1,48,0,0
21cc.cif,1,250,0,0
8k1e.cif,1,209,0,0
6prv.cif,1,259,0,0
7ygd.cif,3,395,0,0
6cc1.cif,1,311,0,0
1l2x.cif,1,218,0,0
2et5.cif,1,138,0,0
1mv6.cif,1,54,0,0
6up0.cif,1,86,0,0
5vh7.cif,1,600,0,0
1elh.cif,2,150,0,0
1arj.cif,1,600,0,0
5kh8.cif,1,940,0,0
2oue.cif,4,148,0,0
3gx6.cif,1,100,0,0
2dd1.cif,2,480,0,0
1tfn.cif,1,24,0,0
2b8r.cif,1,153,0,0
6cxz.cif,1,69,0,0
6c8o.cif,1,71,0,0
9e74.cif,1,249,0,0
9lem.cif,1,4340,0,0
7u89.cif,1,132,0,0
9od4.cif,1,230,0,0
4qka.cif,1,132,0,0
3rg5.cif,1,373,0,0
1lux.cif,1,170,0,0
4xw0.cif,1,44,0,0
7mky.cif,1,348,0,0
9zcc.cif,1,1460,0,0
1zx7.cif,2,208,0,0
1ntb.cif,2,50,0,0
2nci.cif,1,280,0,0
3cgs.cif,2,148,0,0
1zc5.cif,1,820,0,0
4y1i.cif,1,305,0,0
7sxp.cif,1,26,0,0
4lx6.cif,1,99,0,0
6wlm.cif,1,3420,0,0
9g54.cif,1,293,0,0
2xo0.cif,1,230,0,0
2tra.cif,1,169,0,0
5dun.cif,1,82,0,0
6t3r.cif,2,499,0,0
8vfs.cif,1,58,0,0
7l3r.cif,1,179,0,0
1mdg.cif,1,28,0,0
6va2.cif,2,440,0,0
8yam.cif,1,47,0,0
3la5.cif,1,464,0,0
2qwy.cif,1,322,0,0
1esh.cif,1,13,0,0
7qp2.cif,1,177,0,0
4pqv.cif,1,84,0,0
4e59.cif,1,32,0,0
9g4v.cif,1,221,0,0
1q93.cif,1,189,0,0
9ior.cif,1,220,0,0
9hrf.cif,1,241,0,0
6ymj.cif,2,260,0,0
1hs4.cif,1,13,0,0
8xzq.cif,1,102,0,0
2eeu.cif,1,293,0,0
4kyy.cif,1,126,0,0
7xd7.cif,1,435,0,0
9hro.cif,1,360,0,0
6tf0.cif,1,88,0,0
7ps8.cif,1,250,0,0
7eol.cif,1,115,0,0
8f4o.cif,1,168,0,0
7lyf.cif,1,147,0,0
464d.cif,2,185,0,0
8sa2.cif,1,422,0,0
5v0o.cif,2,44,0,0
6qis.cif,1,199,0,0
6ubu.cif,1,318,0,0
6wy2.cif,1,196,0,0
6xrq.cif,1,130,0,0
9kpo.cif,1,498,0,0
4ts2.cif,2,103,0,0
2vuq.cif,2,62,0,0
6dmd.cif,1,276,0,0
7kga.cif,1,350,0,0
3b4b.cif,2,153,0,0
6xrz.cif,1,880,0,0
3eog.cif,2,451,0,0
1bn0.cif,1,220,0,0
6wtr.cif,1,136,0,0
7a9n.cif,4,203,0,0
8rum.cif,1,522,0,0
4e6b.cif,2,34,0,0
6dlq.cif,1,133,0,0
6vzc.cif,1,224,0,0
1rau.cif,1,24,0,0
2n0j.cif,1,560,0,0
9if0.cif,1,38,0,0
6dnr.cif,1,110,0,0
7umc.cif,1,700,0,0
3dw6.cif,1,212,0,0
3p4b.cif,1,191,0,0
1ie2.cif,1,462,0,0
5kx9.cif,2,121,0,0
1y27.cif,1,87,0,0
1fcw.cif,1,380,0,0
9j6p.cif,1,58,0,0
5hbx.cif,1,155,0,0
5fk1.cif,1,125,0,0
9mqu.cif,1,283,0,0
7ez0.cif,1,414,0,0
6by5.cif,1,140,0,0
3gs5.cif,2,65,0,0
7d7w.cif,1,107,0,0
5uf3.cif,1,184,0,0
9m78.cif,1,2988,0,0
9j6y.cif,1,3032,0,0
4k32.cif,1,55,0,0
9le5.cif,1,498,0,0
4jrd.cif,1,116,0,0
2rp0.cif,1,756,0,0
1i7j.cif,1,84,0,0
8amm.cif,1,280,0,0
8its.cif,1,167,0,0
2lbr.cif,1,136,0,0
6n5n.cif,1,133,0,0
9ely.cif,1,202,0,0
1lpw.cif,2,171,0,0
6bg9.cif,1,1880,0,0
2nc1.cif,1,670,0,0
2gq6.cif,2,506,0,0
2o81.cif,1,324,0,0
7eck.cif,1,165,0,0
3nj7.cif,1,243,0,0
8i7n.cif,1,447,0,0
4rby.cif,1,114,0,0
4fen.cif,1,674,0,0
2l8w.cif,1,18,0,0
5iem.cif,1,570,0,0
3g4m.cif,1,144,0,0
9cso.cif,1,104,0,0
1na2.cif,1,540,0,0
6hmo.cif,2,460,0,0
5lwj.cif,1,350,0,0
8znq.cif,1,310,0,0
8olz.cif,2,463,0,0
5e54.cif,1,151,0,0
4y1o.cif,1,537,0,0
6wjr.cif,1,115,0,0
9io1.cif,1,220,0,0
9c6j.cif,1,408,0,0
3dj0.cif,1,276,0,0
405d.cif,1,48,0,0
4l81.cif,1,112,0,0
1tn2.cif,1,192,0,0
4tzy.cif,1,102,0,0
6d8m.cif,1,340,0,0
5nz3.cif,1,114,0,0
2bcy.cif,4,73,0,0
301d.cif,2,46,0,0
2hok.cif,1,87,0,0
1muv.cif,1,18,0,0
1x9c.cif,4,106,0,0
433d.cif,1,100,0,0
9mdx.cif,1,94,0,0
2kp3.cif,2,200,0,0
2f4x.cif,1,864,0,0
5vgw.cif,2,41,0,0
3dir.cif,1,198,0,0
9de8.cif,1,64,0,0
1slo.cif,1,19,0,0
9e5o.cif,1,743,0,0
8ked.cif,1,78,0,0
6u89.cif,1,20,0,0
5nex.cif,1,42,0,0
9lkw.cif,1,71,0,0
6dn1.cif,2,147,0,0
5eao.cif,2,76,0,0
1rrr.cif,2,200,0,0
6zr1.cif,4,205,0,0
3b58.cif,3,76,0,0
5l00.cif,1,244,0,0
3hga.cif,1,40,0,0
1r4h.cif,1,10,0,0
6noa.cif,1,560,0,0
4wfl.cif,1,171,0,0
1tra.cif,1,191,0,0
9mmg.cif,1,463,0,0
2m23.cif,2,720,0,0
6gzr.cif,1,490,0,0
2pn4.cif,2,165,0,0
6gyv.cif,1,293,0,0
1f7f.cif,1,243,0,0
2i7e.cif,1,1800,0,0
1sy4.cif,1,288,0,0
1r7w.cif,1,680,0,0
9dig.cif,1,198,0,0
6c63.cif,2,115,0,0
2kx8.cif,1,430,0,0
5kpy.cif,1,202,0,0
3skt.cif,1,163,0,0
5uz6.cif,2,153,0,0
7q82.cif,3,74,0,0
468d.cif,1,136,0,0
4p8z.cif,1,188,0,0
8pfk.cif,1,109,0,0
8eyv.cif,1,146,0,0
2d19.cif,1,374,0,0
8hd7.cif,1,447,0,0
6uey.cif,2,139,0,0
3r1c.cif,1,819,0,0
4j50.cif,1,152,0,0
364d.cif,3,77,0,0
4far.cif,2,500,0,0
4g6r.cif,4,69,0,0
1k4b.cif,1,280,0,0
8fza.cif,1,95,0,0
6zx5.cif,4,225,0,0
1z31.cif,1,320,0,0
2jxv.cif,1,330,0,0
5lsn.cif,1,290,0,0
4u3l.cif,1,72,0,0
1l1w.cif,1,29,0,0
6wzs.cif,1,138,0,0
8utg.cif,1,69,0,0
2n4j.cif,1,320,0,0
1xv0.cif,2,660,0,0
1mv1.cif,1,18,0,0
1jur.cif,1,198,0,0
6od9.cif,1,141,0,0
3oxd.cif,2,279,0,0
6e1t.cif,1,122,0,0
3e5f.cif,1,80,0,0
1n53.cif,2,25,0,0
7k16.cif,1,111,0,0
1xsh.cif,1,27,0,0
402d.cif,1,46,0,0
1y73.cif,1,161,0,0
8feq.cif,1,71,0,0
4rzd.cif,1,104,0,0
5vci.cif,2,36,0,0
2n6t.cif,1,420,0,0
4phy.cif,2,50,0,0
5fkd.cif,1,109,0,0
3sd3.cif,1,198,0,0
1y3o.cif,1,53,0,0
6c8j.cif,1,148,0,0
1ato.cif,1,190,0,0
1a4d.cif,2,41,0,0
430d.cif,1,47,0,0
6ez0.cif,1,540,0,0
4jab.cif,1,21,0,0
7ei7.cif,1,48,0,0
8hzk.cif,1,199,0,0
8xtq.cif,1,783,0,0
7mkt.cif,1,30,0,0
5xwg.cif,1,18,0,0
2ldz.cif,1,30,0,0
3gvn.cif,2,113,0,0
2gpm.cif,2,638,0,0
2g1g.cif,1,340,0,0
9whv.cif,1,800,0,0
3s8u.cif,1,189,0,0
2z9q.cif,1,75,0,0
9bzc.cif,1,110,0,0
2grw.cif,1,264,0,0
2mn0.cif,1,150,0,0
6wlq.cif,1,2380,0,0
2qus.cif,1,285,0,0
6e8t.cif,1,156,0,0
1yxp.cif,1,48,0,0
1mwl.cif,1,84,0,0
6i1v.cif,2,180,0,0
7kup.cif,1,186,0,0
409d.cif,1,74,0,0
1o3z.cif,1,294,0,0
1nbs.cif,1,305,0,0
4lvw.cif,1,314,0,0
4e48.cif,1,161,0,0
2iro.cif,1,270,0,0
9g4q.cif,1,154,0,0
8jhp.cif,1,297,0,0
9lkc.cif,1,78,0,0
2miy.cif,1,1080,0,0
6chr.cif,2,962,0,0
8xzl.cif,1,73,0,0
1n8x.cif,1,720,0,0
6uc7.cif,1,300,0,0
1hs8.cif,1,13,0,0
1t0d.cif,2,281,0,0
7pof.cif,1,140,0,0
1kka.cif,1,136,0,0
7eog.cif,1,251,0,0
333d.cif,1,15,0,0
9lku.cif,1,70,0,0
6c27.cif,1,102,0,0
9e9o.cif,1,145,0,0
5v0j.cif,1,83,0,0
3npn.cif,1,51,0,0
7eop.cif,1,206,0,0
2g9c.cif,1,434,0,0
3fo6.cif,1,307,0,0
7lyj.cif,1,121,0,0
8i46.cif,1,220,0,0
2krp.cif,1,170,0,0
3d0m.cif,1,36,0,0
3jxq.cif,1,160,0,0
8sa6.cif,1,362,0,0
6hyk.cif,1,310,0,0
5u3g.cif,1,132,0,0
1kks.cif,1,360,0,0
7wi9.cif,1,55,0,0
4jiy.cif,1,51,0,0
2kry.cif,1,170,0,0
1yn2.cif,1,495,0,0
1ju1.cif,1,690,0,0
2nok.cif,2,101,0,0
6u8u.cif,1,42,0,0
8ruh.cif,2,486,0,0
6u7y.cif,2,36,0,0
4u34.cif,2,111,0,0
5dhc.cif,1,363,0,0
7a9r.cif,4,120,0,0
4r4v.cif,1,235,0,0
483d.cif,1,182,0,0
2xsl.cif,2,116,0,0
2npy.cif,4,77,0,0
4pco.cif,1,255,0,0
7qua.cif,1,124,0,0
2n2o.cif,1,230,0,0
1u3k.cif,1,380,0,0
4e8p.cif,1,473,0,0
7v06.cif,1,430,0,0
8k0s.cif,1,1088,0,0
8te0.cif,1,96,0,0
7qtn.cif,2,149,0,0
3f2x.cif,1,129,0,0
1anr.cif,1,580,0,0
1a51.cif,1,369,0,0
2l9e.cif,1,187,0,0
2m5u.cif,1,330,0,0
8u5p.cif,1,124,0,0
5ueg.cif,1,60,0,0
3oww.cif,2,312,0,0
2kzl.cif,1,440,0,0
1l3d.cif,1,42,0,0
6mxq.cif,1,490,0,0
8syk.cif,1,517,0,0
1pjy.cif,1,440,0,0
1wts.cif,1,14,0,0
7eco.cif,1,287,0,0
5ay2.cif,1,380,0,0
8x0s.cif,1,32,0,0
9zc8.cif,1,1440,0,0
1kaj.cif,1,32,0,0
1i9x.cif,1,48,0,0
4ms9.cif,1,70,0,0
7edt.cif,1,189,0,0
2mxl.cif,1,780,0,0
3far.cif,1,97,0,0
3iqn.cif,1,139,0,0
1n66.cif,1,440,0,0
1ik1.cif,1,14,0,0
8qo5.cif,1,1450,0,0
8uyl.cif,1,4050,0,0
8bu8.cif,1,354,0,0
406d.cif,1,226,0,0
2f87.cif,1,156,0,0
8qmi.cif,1,134,0,0
3php.cif,1,230,0,0
9mds.cif,1,4784,0,0
2p7f.cif,4,79,0,0
7eia.cif,1,157,0,0
2f4s.cif,1,56,0,0
2hoo.cif,1,94,0,0
1y6s.cif,1,52,0,0
1dqh.cif,2,76,0,0
3dim.cif,1,220,0,0
4a4r.cif,1,132,0,0
1bau.cif,1,46,0,0
4yb0.cif,1,219,0,0
434d.cif,2,185,0,0
7tdc.cif,1,100,0,0
9lhl.cif,1,11018,0,0
9e5j.cif,1,415,0,0
8btz.cif,1,238,0,0
5nxt.cif,1,128,0,0
7xsl.cif,1,388,0,0
3vrs.cif,1,82,0,0
8x9k.cif,1,775,0,0
4ena.cif,1,84,0,0
5v17.cif,1,410,0,0
9e5s.cif,1,435,0,0
8tjv.cif,1,441,0,0
7tzs.cif,1,299,0,0
4fnj.cif,1,84,0,0
2oeu.cif,2,263,0,0
1ldz.cif,1,750,0,0
7elp.cif,1,198,0,0
9h83.cif,2,109,0,0
5c7w.cif,1,76,0,0
1p5p.cif,1,77,0,0
1jp0.cif,1,588,0,0
5wq1.cif,1,460,0,0
9uw0.cif,1,119,0,0
1qc0.cif,4,315,0,0
9g7c.cif,1,1120,0,0
2mnc.cif,1,224,0,0
8d5l.cif,1,696,0,0
4erl.cif,1,173,0,0
1zev.cif,1,153,0,0
9qzj.cif,1,380,0,0
6zq9.cif,4,191,0,0
8r63.cif,2,345,0,0
7uga.cif,1,860,0,0
480d.cif,1,111,0,0
1mhk.cif,2,48,0,0
1q9a.cif,1,206,0,0
4nya.cif,1,180,0,0
7yci.cif,2,399,0,0
9isv.cif,1,351,0,0
6var.cif,1,610,0,0
9dib.cif,1,241,0,0
6jxm.cif,1,119,0,0
2la9.cif,1,136,0,0
1q8n.cif,1,975,0,0
9j3t.cif,1,4152,0,0
205d.cif,1,63,0,0
1ebs.cif,1,145,0,0
3zd4.cif,2,94,0,0
1guc.cif,1,480,0,0
8hb1.cif,2,61,0,0
6tfg.cif,1,82,0,0
1zig.cif,1,120,0,0
7ptk.cif,1,720,0,0
5v2r.cif,1,990,0,0
6uet.cif,1,120,0,0
4k27.cif,1,135,0,0
8om0.cif,1,406,0,0
1kos.cif,1,136,0,0
9i9w.cif,1,229,0,0
2jym.cif,1,330,0,0
1yne.cif,1,620,0,0
2jxq.cif,2,200,0,0
9cpj.cif,1,520,0,0
2r20.cif,1,197,0,0
7zj4.cif,1,377,0,0
1o15.cif,1,34,0,0
5or0.cif,2,220,0,0
6aau.cif,1,480,0,0
3f4e.cif,2,127,0,0
7ygc.cif,3,413,0,0
1xpf.cif,1,142,0,0
4u3p.cif,1,92,0,0
2et4.cif,1,92,0,0
2awe.cif,1,242,0,0
1uuu.cif,1,285,0,0
2n3r.cif,1,2478,0,0
6d3p.cif,1,55,0,0
5nqi.cif,1,238,0,0
2ho7.cif,2,165,0,0
2n6x.cif,1,430,0,0
2ldl.cif,1,324,0,0
6c8e.cif,1,34,0,0
1lc4.cif,1,120,0,0
3gx5.cif,1,207,0,0
9lec.cif,1,336,0,0
1xsu.cif,1,28,0,0
5fkh.cif,1,115,0,0
2q1r.cif,1,89,0,0
6bfb.cif,2,124,0,0
5o69.cif,2,98,0,0
8hzf.cif,1,92,0,0
1lvj.cif,1,384,0,0
1y3s.cif,1,164,0,0
1idv.cif,1,100,0,0
6c8n.cif,1,68,0,0
1m5l.cif,1,570,0,0
9e73.cif,1,204,0,0
9lel.cif,1,434,0,0
7u88.cif,1,83,0,0
4qjd.cif,2,308,0,0
5btp.cif,1,146,0,0
1kxk.cif,1,72,0,0
9zcb.cif,1,1460,0,0
8tdy.cif,1,78,0,0
1nta.cif,2,46,0,0
1jzc.cif,1,13,0,0
3cgr.cif,2,107,0,0
9cxf.cif,1,222,0,0
4qln.cif,1,128,0,0
4lx5.cif,1,93,0,0
6wll.cif,1,3420,0,0
1kfo.cif,1,57,0,0
1osw.cif,1,506,0,0
2h0x.cif,2,351,0,0
1mwg.cif,1,16,0,0
7kuk.cif,1,144,0,0
6wlu.cif,1,4620,0,0
1d4r.cif,2,214,0,0
1ikd.cif,1,660,0,0
2quw.cif,2,206,0,0
6va1.cif,2,420,0,0
9g4l.cif,1,267,0,0
28sr.cif,1,28,0,0
3sj2.cif,2,315,0,0
4e58.cif,1,40,0,0
6ymi.cif,2,239,0,0
1hs3.cif,1,13,0,0
2m18.cif,1,400,0,0
1duh.cif,1,55,0,0
2a04.cif,2,84,0,0
8xzp.cif,1,92,0,0
1xhp.cif,1,320,0,0
438d.cif,1,52,0,0
2eet.cif,1,341,0,0
7xd6.cif,2,488,0,0
5neq.cif,1,63,0,0
1esy.cif,1,380,0,0
1mfy.cif,1,496,0,0
1i46.cif,1,13,0,0
7eok.cif,1,80,0,0
2jsg.cif,1,187,0,0
2oiu.cif,1,175,0,0
6qir.cif,1,175,0,0
6xb7.cif,1,420,0,0
2k66.cif,1,440,0,0
5bjp.cif,1,95,0,0
6dmc.cif,1,406,0,0
2l1v.cif,1,740,0,0
5lr5.cif,1,51,0,0
3b4a.cif,2,154,0,0
8rul.cif,1,506,0,0
3b5f.cif,3,67,0,0
4u38.cif,2,97,0,0
3q51.cif,1,38,0,0
8k15.cif,1,472,0,0
5kqe.cif,1,720,0,0
4pcj.cif,1,105,0,0
2lx1.cif,1,418,0,0
3ox0.cif,2,268,0,0
7ycg.cif,2,408,0,0
7jjf.cif,1,131,0,0
1ei2.cif,1,442,0,0
3dw5.cif,1,173,0,0
1yls.cif,2,196,0,0
2n0r.cif,1,230,0,0
8v1i.cif,1,155,0,0
9v4v.cif,1,91,0,0
3p4a.cif,1,355,0,0
4e8k.cif,2,480,0,0
1ie1.cif,1,396,0,0
1y26.cif,1,171,0,0
2lac.cif,1,153,0,0
5hbw.cif,1,19,0,0
2lc8.cif,1,560,0,0
8r8p.cif,2,345,0,0
9mqt.cif,1,283,0,0
6by4.cif,1,280,0,0
4e8t.cif,2,483,0,0
3owi.cif,2,295,0,0
6xxb.cif,1,190,0,0
3gog.cif,1,328,0,0
6ugj.cif,1,101,0,0
4k31.cif,1,257,0,0
8fer.cif,1,117,0,0
4jrc.cif,1,141,0,0
8aml.cif,1,256,0,0
8u5k.cif,1,125,0,0
1eht.cif,1,340,0,0
2lbq.cif,1,136,0,0
2zy6.cif,1,208,0,0
2nc0.cif,1,280,0,0
2gq5.cif,2,528,0,0
8u5t.cif,1,195,0,0
8sch.cif,1,680,0,0
7ecj.cif,1,36,0,0
3nj6.cif,1,87,0,0
1sdr.cif,2,87,0,0
7lo9.cif,1,64,0,0
5emf.cif,2,132,0,0
2d2l.cif,4,73,0,0
1jwc.cif,1,16,0,0
1szy.cif,1,21,0,0
2cd6.cif,1,28,0,0
8cq1.cif,1,440,0,0
3mjb.cif,2,47,0,0
8vvj.cif,1,144,0,0
359d.cif,2,46,0,0
1l3z.cif,1,54,0,0
1rht.cif,1,24,0,0
8oly.cif,2,500,0,0
8vci.cif,1,1062,0,0
8uyg.cif,1,4050,0,0
4y1n.cif,1,546,0,0
255d.cif,1,59,0,0
9io0.cif,1,220,0,0
5ob3.cif,1,124,0,0
3iqr.cif,1,152,0,0
9c6i.cif,1,414,0,0
1my9.cif,1,28,0,0
7uz0.cif,1,111,0,0
1ik5.cif,2,97,0,0
387d.cif,1,32,0,0
8uyp.cif,1,2860,0,0
1tn1.cif,1,192,0,0
4tzx.cif,1,192,0,0
6d8l.cif,1,341,0,0
9q3c.cif,1,575,0,0
1et4.cif,1,905,0,0
6h0r.cif,1,191,0,0
6yl5.cif,1,774,0,0
2hoj.cif,1,116,0,0
7jrt.cif,1,268,0,0
8k7w.cif,1,69,0,0
7l0z.cif,1,134,0,0
283d.cif,1,31,0,0
1xwu.cif,1,16,0,0
9mdw.cif,1,117,0,0
7u8b.cif,1,115,0,0
2oj0.cif,1,206,0,0
2gv4.cif,1,286,0,0
1x9k.cif,4,62,0,0
3diq.cif,1,229,0,0
5ndi.cif,1,89,0,0
9de7.cif,1,96,0,0
2lkr.cif,1,1110,0,0
1zz5.cif,2,89,0,0
8tjq.cif,1,461,0,0
6xkn.cif,1,104,0,0
3diz.cif,1,198,0,0
3l0u.cif,1,85,0,0
8x9o.cif,1,792,0,0
1hlx.cif,1,400,0,0
1e4p.cif,1,480,0,0
6g7z.cif,2,200,0,0
4mcf.cif,2,109,0,0
1s2f.cif,1,23,0,0
1kis.cif,2,32,0,0
9v51.cif,1,93,0,0
2jrq.cif,1,187,0,0
9ja7.cif,1,41,0,0
2m22.cif,1,460,0,0
1bzu.cif,1,17,0,0
1am0.cif,1,136,0,0
1yfv.cif,1,16,0,0
2fcz.cif,1,309,0,0
2pn3.cif,2,46,0,0
4p97.cif,2,167,0,0
471d.cif,1,38,0,0
4p5j.cif,1,225,0,0
6vwt.cif,1,152,0,0
2m58.cif,1,590,0,0
7eqj.cif,1,315,0,0
5fj1.cif,1,232,0,0
3d2g.cif,1,329,0,0
5v3i.cif,1,187,0,0
6ufk.cif,3,152,0,0
7q81.cif,3,86,0,0
4rum.cif,1,196,0,0
2gm0.cif,1,700,0,0
3glp.cif,1,237,0,0
5fk6.cif,1,113,0,0
2ke6.cif,1,576,0,0
2oom.cif,2,384,0,0
9dp9.cif,1,459,0,0
8eyu.cif,1,249,0,0
1lmv.cif,2,190,0,0
9dll.cif,1,540,0,0
4fe5.cif,1,614,0,0
2d18.cif,1,374,0,0
3fu2.cif,1,130,0,0
8hd6.cif,1,444,0,0
9kad.cif,1,280,0,0
2k7e.cif,2,240,0,0
6n2v.cif,1,261,0,0
2jyh.cif,1,430,0,0
4faq.cif,1,493,0,0
3bwp.cif,1,373,0,0
1k4a.cif,1,280,0,0
3mj3.cif,2,47,0,0
1z30.cif,1,270,0,0
8i3z.cif,2,207,0,0
4u78.cif,1,98,0,0
2mtk.cif,1,1848,0,0
6wzr.cif,1,132,0,0
6cy2.cif,1,77,0,0
488d.cif,4,74,0,0
3f2q.cif,1,128,0,0
6e1s.cif,1,100,0,0
3e5e.cif,1,71,0,0
5kvj.cif,2,43,0,0
2et8.cif,1,64,0,0
1xsg.cif,1,27,0,0
2b7g.cif,1,190,0,0
8fep.cif,1,71,0,0
2n6s.cif,1,360,0,0
7vnw.cif,1,223,0,0
2m8k.cif,1,960,0,0
1y0q.cif,2,239,0,0
1wvd.cif,1,54,0,0
2n7x.cif,1,460,0,0
280d.cif,1,206,0,0
6n8h.cif,1,400,0,0
6c8i.cif,1,53,0,0
8hzj.cif,1,111,0,0
8xtp.cif,2,771,0,0
2rrc.cif,1,242,0,0
7lng.cif,1,30,0,0
7qdu.cif,1,552,0,0
2jja.cif,1,94,0,0
1atw.cif,1,45,0,0
2rpk.cif,1,20,0,0
3suy.cif,1,101,0,0
422d.cif,1,51,0,0
9kgh.cif,1,267,0,0
4qjh.cif,2,232,0,0
1kh6.cif,1,48,0,0
1nc0.cif,1,432,0,0
5ew4.cif,1,216,0,0
2bee.cif,1,107,0,0
1nuj.cif,2,522,0,0
5c5w.cif,1,116,0,0
1l8v.cif,1,560,0,0
7kd1.cif,1,119,0,0
2jlt.cif,2,34,0,0
1roq.cif,1,140,0,0
5hnj.cif,1,301,0,0
259d.cif,1,129,0,0
9cbu.cif,1,550,0,0
6e8s.cif,1,115,0,0
3ivn.cif,1,237,0,0
7kuo.cif,1,82,0,0
1nbr.cif,1,435,0,0
2ao5.cif,1,291,0,0
4lvv.cif,1,164,0,0
2irn.cif,1,270,0,0
9g4p.cif,2,70,0,0
7v9e.cif,1,112,0,0
1q75.cif,1,300,0,0
2lp9.cif,1,160,0,0
1mfk.cif,1,460,0,0
1hr2.cif,1,622,0,0
17ra.cif,1,252,0,0
2qbz.cif,1,298,0,0
8xzk.cif,1,57,0,0
9lmc.cif,1,185,0,0
1q96.cif,1,391,0,0
9iou.cif,1,220,0,0
6ymm.cif,2,85,0,0
6z18.cif,1,23,0,0
3szx.cif,1,86,0,0
9ecr.cif,1,340,0,0
9ebv.cif,1,252,0,0
9ol3.cif,1,167,0,0
6tf3.cif,1,63,0,0
429d.cif,2,50,0,0
6u6j.cif,1,67,0,0
7eoo.cif,1,125,0,0
8i45.cif,1,220,0,0
5g4t.cif,2,19,0,0
8sa5.cif,1,347,0,0
4frn.cif,1,218,0,0
2oiy.cif,1,234,0,0
6qiv.cif,1,10,0,0
1yn1.cif,1,187,0,0
3d0u.cif,1,210,0,0
6wtl.cif,1,133,0,0
1zft.cif,4,97,0,0
2jtp.cif,1,680,0,0
6pmo.cif,2,165,0,0
3b5a.cif,3,75,0,0
5dhb.cif,1,113,0,0
7a9q.cif,4,148,0,0
353d.cif,2,182,0,0
6dlt.cif,1,117,0,0
2jwv.cif,1,290,0,0
6zrl.cif,4,223,0,0
2v6w.cif,2,89,0,0
2mqt.cif,1,680,0,0
2b57.cif,1,261,0,0
9en6.cif,1,155,0,0
6vem.cif,1,51,0,0
3f2w.cif,1,134,0,0
8amg.cif,1,186,0,0
3gs8.cif,4,65,0,0
7d7z.cif,1,172,0,0
2lbl.cif,1,136,0,0
6xwj.cif,1,210,0,0
1txs.cif,1,760,0,0
1oq0.cif,1,300,0,0
1j4y.cif,1,17,0,0
2d1b.cif,1,78,0,0
2l8h.cif,1,310,0,0
5uef.cif,2,40,0,0
7q6l.cif,1,440,0,0
6n5q.cif,1,140,0,0
2cd1.cif,1,27,0,0
7ecn.cif,1,250,0,0
3r4f.cif,1,78,0,0
1a3m.cif,2,540,0,0
3g78.cif,2,910,0,0
9zc7.cif,1,720,0,0
6hmi.cif,2,440,0,0
7exy.cif,1,176,0,0
6e82.cif,1,38,0,0
1z43.cif,1,240,0,0
5mrx.cif,1,238,0,0
7q7z.cif,3,135,0,0
8tdz.cif,1,86,0,0
5tgp.cif,1,41,0,0
3mij.cif,1,31,0,0
5hn2.cif,1,244,0,0
9csr.cif,1,100,0,0
2mxk.cif,2,380,0,0
7sam.cif,1,169,0,0
6owl.cif,2,24,0,0
8d28.cif,1,439,0,0
2n7m.cif,1,920,0,0
2ncr.cif,1,18,0,0
1z79.cif,1,83,0,0
8qo4.cif,1,1560,0,0
8uyk.cif,1,4050,0,0
1k8s.cif,2,25,0,0
9mee.cif,1,11032,0,0
1fmn.cif,1,180,0,0
7fj0.cif,1,231,0,0
1jzv.cif,2,116,0,0
8vxx.cif,1,131,0,0
8qmh.cif,1,133,0,0
4cs1.cif,1,44,0,0
5nz6.cif,1,42,0,0
4plx.cif,1,255,0,0
1xwp.cif,1,15,0,0
3gca.cif,1,36,0,0
2grb.cif,1,235,0,0
5d99.cif,1,200,0,0
7rex.cif,1,108,0,0
2lhp.cif,1,370,0,0
3dil.cif,1,1005,0,0
5d5l.cif,1,555,0,0
2euy.cif,1,510,0,0
7tdb.cif,1,116,0,0
9lhk.cif,1,787,0,0
9e5i.cif,1,600,0,0
1tlr.cif,1,460,0,0
7xsk.cif,1,388,0,0
1tjz.cif,1,440,0,0
5v16.cif,1,410,0,0
5j02.cif,2,652,0,0
9e5r.cif,1,430,0,0
7tzr.cif,1,199,0,0
4xwf.cif,1,180,0,0
7kud.cif,1,130,0,0
9h82.cif,2,58,0,0
6bjx.cif,1,336,0,0
1p5o.cif,1,924,0,0
5g2y.cif,1,630,0,0
2qh4.cif,1,360,0,0
7oa3.cif,1,117,0,0
4yaz.cif,1,357,0,0
1nem.cif,1,243,0,0
8r62.cif,2,322,0,0
8z9k.cif,1,91,0,0
1r3o.cif,2,161,0,0
6vvj.cif,1,2600,0,0
1f5h.cif,1,520,0,0
6uf1.cif,2,147,0,0
472d.cif,2,46,0,0
1f7i.cif,1,336,0,0
7ych.cif,2,408,0,0
9j4o.cif,1,88,0,0
1ajl.cif,2,19,0,0
1ebr.cif,1,150,0,0
2m1o.cif,2,140,0,0
3cw6.cif,1,77,0,0
1r7z.cif,1,680,0,0
5v2h.cif,1,281,0,0
1aju.cif,1,620,0,0
2lqz.cif,1,243,0,0
6tff.cif,1,70,0,0
3skw.cif,1,144,0,0
8sx6.cif,1,102,0,0
3nd4.cif,1,114,0,0
1zif.cif,1,120,0,0
2i7z.cif,1,3120,0,0
6ues.cif,1,119,0,0
7wib.cif,1,51,0,0
4yn6.cif,1,94,0,0
2o33.cif,1,400,0,0
4nfq.cif,1,126,0,0
2val.cif,2,85,0,0
8tsv.cif,1,543,0,0
7pts.cif,1,558,0,0
8vt5.cif,1,62,0,0
2gip.cif,1,560,0,0
8swo.cif,1,63,0,0
3bbi.cif,3,121,0,0
9cpi.cif,1,540,0,0
2l5z.cif,1,546,0,0
4fau.cif,1,476,0,0
6zx8.cif,4,153,0,0
1s9s.cif,1,2020,0,0
2rlu.cif,1,190,0,0
357d.cif,3,70,0,0
2y95.cif,1,140,0,0
7ygb.cif,3,461,0,0
1xpe.cif,1,178,0,0
9fo9.cif,1,330,0,0
8vqv.cif,1,90,0,0
4u3o.cif,1,85,0,0
2et3.cif,1,52,0,0
2n3q.cif,1,1302,0,0
1eka.cif,1,16,0,0
8clr.cif,1,1400,0,0
6e1w.cif,1,133,0,0
1j8g.cif,1,144,0,0
1fir.cif,1,94,0,0
2mvy.cif,1,20,0,0
2li4.cif,1,640,0,0
2ho6.cif,2,167,0,0
2n6w.cif,1,680,0,0
8k2z.cif,1,145,0,0
6c8d.cif,1,111,0,0
1j7t.cif,1,98,0,0
1xst.cif,1,28,0,0
5fkg.cif,1,114,0,0
3ok4.cif,2,690,0,0
8hze.cif,1,239,0,0
7u4a.cif,1,72,0,0
4rgf.cif,1,197,0,0
2a9l.cif,1,38,0,0
2ldt.cif,1,403,0,0
9eow.cif,1,290,0,0
6c8m.cif,2,38,0,0
7u87.cif,1,142,0,0
7eem.cif,1,36,0,0
9zca.cif,1,1460,0,0
4msb.cif,1,254,0,0
3gao.cif,1,334,0,0
3cgq.cif,2,75,0,0
6hu6.cif,4,100,0,0
4xw7.cif,1,113,0,0
6xko.cif,1,105,0,0
1rng.cif,1,60,0,0
2jr4.cif,1,187,0,0
4qlm.cif,1,147,0,0
2ygh.cif,1,121,0,0
2fd0.cif,1,143,0,0
2bj2.cif,2,40,0,0
6wlk.cif,1,2600,0,0
8d2b.cif,1,396,0,0
2h0w.cif,2,304,0,0
6q8v.cif,1,20,0,0
6wlt.cif,1,4620,0,0
9cby.cif,1,746,0,0
6cih.cif,2,1012,0,0
2mis.cif,1,1239,0,0
2ap5.cif,1,28,0,0
7y2b.cif,1,71,0,0
4lvz.cif,1,397,0,0
1r2p.cif,1,340,0,0
9hrd.cif,1,370,0,0
9lkf.cif,1,86,0,0
1hs2.cif,1,13,0,0
3p22.cif,2,212,0,0
5une.cif,1,111,0,0
8bwt.cif,1,260,0,0
8xzo.cif,1,83,0,0
1al5.cif,1,288,0,0
8z8u.cif,1,108,0,0
2ees.cif,1,342,0,0
7xd5.cif,2,436,0,0
5nep.cif,1,59,0,0
7eoj.cif,1,216,0,0
6u8f.cif,2,35,0,0
4fb0.cif,1,469,0,0
6qiq.cif,1,24,0,0
2k65.cif,2,280,0,0
5bjo.cif,1,133,0,0
8toz.cif,1,102,0,0
4ts0.cif,2,126,0,0
6pq7.cif,1,40,0,0
2gcs.cif,2,351,0,0
5lr4.cif,1,100,0,0
1ddy.cif,1,148,0,0
5swe.cif,1,72,0,0
7a9l.cif,4,161,0,0
3f30.cif,1,128,0,0
4r4p.cif,1,201,0,0
1zfx.cif,4,85,0,0
8ruk.cif,1,411,0,0
6zpf.cif,4,236,0,0
4u37.cif,2,58,0,0
3q50.cif,1,39,0,0
2au4.cif,1,42,0,0
6cu1.cif,1,90,0,0
354d.cif,2,153,0,0
7jje.cif,1,125,0,0
1jox.cif,1,504,0,0
2xc6.cif,1,31,0,0
3dw4.cif,1,206,0,0
8v1h.cif,1,73,0,0
9v4u.cif,1,110,0,0
1ykv.cif,2,107,0,0
7oax.cif,1,271,0,0
5ktj.cif,2,250,0,0
8s6w.cif,2,144,0,0
9mqs.cif,1,253,0,0
6xxa.cif,1,210,0,0
6ugi.cif,1,102,0,0
9le3.cif,1,2988,0,0
5nom.cif,1,49,0,0
2l8c.cif,1,18,0,0
8amk.cif,1,255,0,0
3oxm.cif,2,251,0,0
8u5j.cif,1,156,0,0
5cnr.cif,2,55,0,0
1a60.cif,1,1056,0,0
3dvv.cif,1,97,0,0
5c45.cif,2,119,0,0
6mci.cif,1,570,0,0
6n8i.cif,2,480,0,0
2gq4.cif,2,580,0,0
3owz.cif,2,283,0,0
8tvz.cif,1,363,0,0
1cq5.cif,1,43,0,0
1kd5.cif,1,149,0,0
8vy1.cif,1,125,0,0
5eme.cif,2,123,0,0
7e9e.cif,1,125,0,0
2d2k.cif,4,73,0,0
4fel.cif,1,689,0,0
2l8u.cif,1,18,0,0
4jrt.cif,2,47,0,0
2cd5.cif,1,28,0,0
7edn.cif,1,25,0,0
420d.cif,1,89,0,0
3ftm.cif,2,63,0,0
4qk9.cif,1,130,0,0
3mja.cif,2,47,0,0
2ydh.cif,1,102,0,0
4y1m.cif,1,331,0,0
9bun.cif,1,674,0,0
2esj.cif,1,134,0,0
3t4b.cif,1,101,0,0
1d0u.cif,1,483,0,0
2nbz.cif,1,400,0,0
1y95.cif,1,103,0,0
9bci.cif,1,500,0,0
2lk3.cif,1,240,0,0
4kz2.cif,3,59,0,0
2n8v.cif,1,700,0,0
7jrs.cif,1,258,0,0
3dig.cif,1,219,0,0
379d.cif,2,49,0,0
8f24.cif,1,67,0,0
7u8a.cif,1,91,0,0
7uvt.cif,1,386,0,0
3zp8.cif,2,368,0,0
2evy.cif,1,252,0,0
5ndh.cif,1,156,0,0
4a4u.cif,1,132,0,0
9de6.cif,1,121,0,0
2oj8.cif,1,80,0,0
2pcw.cif,2,833,0,0
9e5m.cif,1,603,0,0
9dxl.cif,1,140,0,0
1a9l.cif,1,456,0,0
3diy.cif,1,223,0,0
8keb.cif,1,82,0,0
8x9n.cif,2,766,0,0
2k41.cif,2,170,0,0
7els.cif,1,153,0,0
9h86.cif,2,288,0,0
4mce.cif,2,97,0,0
2jrg.cif,1,187,0,0
8khh.cif,1,164,0,0
1jo7.cif,1,992,0,0
9v50.cif,1,109,0,0
1bj2.cif,2,320,0,0
8d5o.cif,1,68,0,0
1tob.cif,1,210,0,0
7kvv.cif,1,88,0,0
5dh7.cif,2,79,0,0
1grz.cif,1,494,0,0
6vui.cif,1,61,0,0
9mme.cif,1,4265,0,0
8fb3.cif,1,112,0,0
2m21.cif,1,294,0,0
2lu0.cif,1,980,0,0
1bzt.cif,1,17,0,0
2fcy.cif,1,130,0,0
2xnw.cif,1,404,0,0
4nyd.cif,1,99,0,0
3ski.cif,2,262,0,0
2m57.cif,1,700,0,0
1mis.cif,1,16,0,0
7yg9.cif,3,412,0,0
5ux3.cif,2,35,0,0
1f5u.cif,1,36,0,0
2ky2.cif,1,180,0,0
2a64.cif,1,298,0,0
5fj0.cif,1,60,0,0
3skr.cif,1,165,0,0
6ufj.cif,3,149,0,0
7q80.cif,3,127,0,0
1kod.cif,2,26,0,0
1f6z.cif,1,27,0,0
6y3g.cif,1,89,0,0
3fs0.cif,2,38,0,0
1rxb.cif,1,68,0,0
5fk5.cif,1,109,0,0
2d17.cif,2,330,0,0
7wif.cif,1,51,0,0
6xus.cif,1,120,0,0
1saq.cif,1,60,0,0
2kuw.cif,1,528,0,0
9cpd.cif,1,540,0,0
3d2x.cif,1,295,0,0
4g6p.cif,3,68,0,0
3bbm.cif,3,73,0,0
5tdk.cif,1,91,0,0
3mei.cif,1,183,0,0
2mtj.cif,1,987,0,0
5lqt.cif,1,76,0,0
3f4h.cif,2,125,0,0
6cc3.cif,1,267,0,0
8clm.cif,2,372,0,0
7kju.cif,1,77,0,0
3oxb.cif,2,249,0,0
8feo.cif,1,91,0,0
5l4o.cif,1,82,0,0
5uza.cif,1,130,0,0
7vnv.cif,1,248,0,0
6zwu.cif,4,225,0,0
2awq.cif,1,170,0,0
1j6s.cif,1,153,0,0
7r6n.cif,1,366,0,0
5k8h.cif,1,11,0,0
6zxz.cif,1,137,0,0
2dd3.cif,2,360,0,0
1msy.cif,1,136,0,0
4znp.cif,1,149,0,0
5n5c.cif,1,760,0,0
9mcw.cif,1,616,0,0
7lnf.cif,1,163,0,0
4jf2.cif,1,249,0,0
7td7.cif,1,82,0,0
1atv.cif,1,68,0,0
2hns.cif,1,440,0,0
3sux.cif,1,104,0,0
9kgg.cif,1,270,0,0
7mlw.cif,1,151,0,0
1rnk.cif,1,34,0,0
9zbr.cif,1,387,0,0
1bz3.cif,1,17,0,0
6hc5.cif,1,68,0,0
6wlo.cif,1,27040,0,0
9g56.cif,1,294,0,0
6t3k.cif,2,483,0,0
3k1v.cif,1,97,0,0
6ol3.cif,1,121,0,0
310d.cif,1,58,0,0
2mhi.cif,1,1060,0,0
6vu1.cif,1,680,0,0
1c4l.cif,2,18,0,0
7kun.cif,1,161,0,0
2u2a.cif,1,20,0,0
1foq.cif,1,545,0,0
6svs.cif,1,173,0,0
2ap0.cif,1,560,0,0
9mm6.cif,1,4006,0,0
6va4.cif,2,440,0,0
5nzd.cif,1,119,0,0
2hua.cif,1,440,0,0
6ymc.cif,1,159,0,0
1mfj.cif,1,200,0,0
157d.cif,1,121,0,0
2m12.cif,1,230,0,0
8tkj.cif,1,119,0,0
6yml.cif,2,79,0,0
470d.cif,1,149,0,0
2kpd.cif,1,170,0,0
9eww.cif,1,120,0,0
6l0y.cif,1,44,0,0
9ecq.cif,1,255,0,0
5d8t.cif,1,146,0,0
2eew.cif,1,314,0,0
9ol2.cif,1,238,0,0
6tf2.cif,1,65,0,0
3rkf.cif,1,310,0,0
5v0h.cif,1,37,0,0
1sa9.cif,1,60,0,0
7eon.cif,1,118,0,0
9kph.cif,1,498,0,0
3fo4.cif,1,280,0,0
8i44.cif,1,220,0,0
8sa4.cif,1,237,0,0
2kpv.cif,1,340,0,0
2w89.cif,2,117,0,0
2krw.cif,1,187,0,0
2juk.cif,1,460,0,0
2k96.cif,1,940,0,0
6y0y.cif,1,208,0,0
8t2p.cif,2,287,0,0
4mgn.cif,2,335,0,0
7a9p.cif,4,190,0,0
2fgp.cif,4,69,0,0
4u47.cif,1,55,0,0
8k30.cif,1,127,0,0
6dls.cif,1,113,0,0
2k3z.cif,2,170,0,0
1raw.cif,1,370,0,0
9iwg.cif,1,251,0,0
2v7r.cif,2,99,0,0
1ykq.cif,2,110,0,0
7ume.cif,1,280,0,0
2n1q.cif,1,3100,0,0
1f9l.cif,1,22,0,0
3p4d.cif,1,44,0,0
4e8n.cif,1,474,0,0
1feq.cif,1,187,0,0
2ixz.cif,1,96,0,0
6ufh.cif,2,250,0,0
4p9r.cif,1,240,0,0
5fk3.cif,1,127,0,0
7ez2.cif,3,437,0,0
1tbk.cif,1,187,0,0
7d7y.cif,1,103,0,0
2lbk.cif,1,136,0,0
2kye.cif,1,300,0,0
8u3m.cif,1,310,0,0
1mnx.cif,1,546,0,0
5fjc.cif,1,306,0,0
3q3z.cif,1,343,0,0
9elr.cif,1,595,0,0
2d1a.cif,1,78,0,0
2m4w.cif,1,170,0,0
6r47.cif,2,71,0,0
5uee.cif,1,59,0,0
3s49.cif,1,130,0,0
6n5p.cif,1,139,0,0
3dvz.cif,1,176,0,0
2o83.cif,1,324,0,0
7ecm.cif,1,292,0,0
9zc6.cif,1,387,0,0
1i9v.cif,1,112,0,0
7e9i.cif,1,37,0,0
6e81.cif,1,38,0,0
4aob.cif,1,132,0,0
4fep.cif,1,648,0,0
7q7y.cif,3,80,0,0
6zyb.cif,1,173,0,0
1k6h.cif,1,440,0,0
2kez.cif,1,240,0,0
8ols.cif,1,448,0,0
9csq.cif,1,72,0,0
2mxj.cif,1,220,0,0
4lw0.cif,1,255,0,0
9jgm.cif,1,449,0,0
2ncq.cif,1,18,0,0
1y90.cif,1,58,0,0
8qo3.cif,1,1180,0,0
2mxs.cif,1,560,0,0
8uyj.cif,1,2700,0,0
1ysv.cif,1,351,0,0
3dj2.cif,1,312,0,0
2r1s.cif,1,208,0,0
5lyv.cif,1,359,0,0
1y99.cif,1,135,0,0
8uys.cif,1,3720,0,0
6jq6.cif,1,91,0,0
1k9w.cif,1,96,0,0
6d8o.cif,1,335,0,0
6ck5.cif,1,293,0,0
3s7c.cif,1,225,0,0
2hom.cif,1,92,0,0
1dqf.cif,2,59,0,0
7tda.cif,1,129,0,0
9e5h.cif,1,432,0,0
6ia2.cif,1,50,0,0
4oqu.cif,1,103,0,0
5j01.cif,1,624,0,0
9e5q.cif,1,723,0,0
8sp9.cif,1,136,0,0
7kuc.cif,1,160,0,0
2g92.cif,1,108,0,0
1duq.cif,2,197,0,0
3ges.cif,1,187,0,0
5c7u.cif,1,75,0,0
1p5n.cif,1,680,0,0
1yzd.cif,1,78,0,0
1nyi.cif,2,45,0,0
6hag.cif,1,440,0,0
2qh3.cif,1,460,0,0
6dn3.cif,2,124,0,0
1yfg.cif,1,75,0,0
1byj.cif,1,1140,0,0
4erj.cif,1,164,0,0
5eaq.cif,2,74,0,0
2qek.cif,1,123,0,0
1qd3.cif,1,561,0,0
1g2j.cif,1,47,0,0
5tpy.cif,1,83,0,0
6gzk.cif,1,490,0,0
5vr4.cif,1,170,0,0
2lv0.cif,1,264,0,0
1f5g.cif,1,520,0,0
6k84.cif,1,250,0,0
1u2a.cif,1,20,0,0
5a18.cif,1,320,0,0
1xp7.cif,1,101,0,0
1f7h.cif,1,308,0,0
1qbp.cif,1,200,0,0
6qn3.cif,1,128,0,0
1xjr.cif,1,60,0,0
9j4n.cif,1,81,0,0
6v9d.cif,1,64,0,0
9j3r.cif,1,1808,0,0
2lpt.cif,1,170,0,0
1qcu.cif,2,243,0,0
1ebq.cif,1,145,0,0
1i4c.cif,1,13,0,0
3cw5.cif,1,77,0,0
9dii.cif,1,184,0,0
5v1k.cif,1,194,0,0
2l2j.cif,1,840,0,0
1ajt.cif,2,19,0,0
6c65.cif,2,118,0,0
8sy1.cif,1,116,0,0
2kd4.cif,1,18,0,0
6tfe.cif,1,94,0,0
7y8p.cif,1,150,0,0
8sx5.cif,1,38,0,0
3nd3.cif,1,97,0,0
2l94.cif,1,460,0,0
7wia.cif,1,50,0,0
1zo3.cif,1,152,0,0
2o32.cif,1,400,0,0
2kvn.cif,1,510,0,0
8hb8.cif,1,64,0,0
4nfp.cif,1,80,0,0
2kur.cif,1,480,0,0
1nlc.cif,1,335,0,0
6pom.cif,2,230,0,0
3r1e.cif,1,124,0,0
2gio.cif,1,580,0,0
1ync.cif,1,620,0,0
5m0h.cif,1,53,0,0
9fn3.cif,1,156,0,0
5lqo.cif,1,40,0,0
6aas.cif,1,560,0,0
6p2h.cif,1,92,0,0
7yga.cif,3,415,0,0
9fo8.cif,1,290,0,0
7ljy.cif,2,101,0,0
2n4l.cif,1,530,0,0
8k85.cif,1,123,0,0
6cab.cif,1,44,0,0
3f2t.cif,1,130,0,0
6e1v.cif,1,36,0,0
2lwk.cif,1,528,0,0
8ynp.cif,1,194,0,0
6jji.cif,1,18,0,0
1m82.cif,1,775,0,0
3gx3.cif,1,117,0,0
5fkf.cif,1,111,0,0
3pdr.cif,1,901,0,0
8hzd.cif,2,166,0,0
1i9k.cif,1,24,0,0
4rge.cif,1,277,0,0
6tna.cif,1,164,0,0
1u9s.cif,1,176,0,0
377d.cif,1,109,0,0
6c8l.cif,1,48,0,0
2adt.cif,1,1720,0,0
1q29.cif,2,46,0,0
7ei9.cif,1,49,0,0
8hzm.cif,1,134,0,0
7efh.cif,1,27,0,0
9lcr.cif,1,752,0,0
8xts.cif,1,776,0,0
1luu.cif,1,187,0,0
2kgp.cif,1,260,0,0
2rqj.cif,1,216,0,0
4c40.cif,1,33,0,0
3cgp.cif,2,187,0,0
5xi1.cif,1,200,0,0
1ow9.cif,1,253,0,0
1yy0.cif,2,58,0,0
1cql.cif,1,430,0,0
5ew7.cif,1,150,0,0
8k8b.cif,1,209,0,0
6wlj.cif,1,2600,0,0
8d2a.cif,1,198,0,0
5tko.cif,2,116,0,0
1osu.cif,1,44,0,0
1yg4.cif,1,28,0,0
6wls.cif,1,7760,0,0
1bvj.cif,1,483,0,0
7d12.cif,1,180,0,0
6ge1.cif,1,420,0,0
1nuv.cif,2,519,0,0
2g3s.cif,1,695,0,0
5vjb.cif,1,84,0,0
9cbx.cif,1,708,0,0
3ibk.cif,1,71,0,0
9g4j.cif,1,241,0,0
28sp.cif,1,196,0,0
6ylb.cif,2,314,0,0
8xze.cif,1,77,0,0
4gma.cif,1,193,0,0
4lvy.cif,1,230,0,0
7a3y.cif,2,260,0,0
5nef.cif,1,59,0,0
9lke.cif,1,88,0,0
1f85.cif,1,280,0,0
1hs1.cif,1,13,0,0
4rne.cif,1,299,0,0
1f79.cif,1,28,0,0
7yc8.cif,1,389,0,0
8xzn.cif,1,86,0,0
2koc.cif,1,280,0,0
9lmf.cif,1,3170,0,0
9ebp.cif,1,195,0,0
1f1t.cif,1,52,0,0
7xd4.cif,1,451,0,0
6uc9.cif,1,273,0,0
5neo.cif,1,47,0,0
8xzw.cif,1,78,0,0
2oij.cif,1,50,0,0
1pbm.cif,1,12,0,0
3gm7.cif,1,88,0,0
7eoi.cif,1,143,0,0
4r0d.cif,2,885,0,0
9e9q.cif,1,136,0,0
7q48.cif,1,440,0,0
176d.cif,2,120,0,0
2a0p.cif,1,85,0,0
4meh.cif,2,155,0,0
6y0t.cif,1,345,0,0
5lr3.cif,1,54,0,0
3d0x.cif,1,221,0,0
5swd.cif,1,152,0,0
3b91.cif,3,67,0,0
8ruj.cif,1,493,0,0
7d82.cif,1,101,0,0
8s95.cif,1,146,0,0
4e5c.cif,1,202,0,0
7a9t.cif,4,201,0,0
9fm4.cif,1,500,0,0
7jjd.cif,1,140,0,0
1mme.cif,2,82,0,0
6v9b.cif,1,62,0,0
8vpv.cif,1,102,0,0
8u60.cif,1,128,0,0
7oaw.cif,1,228,0,0
7uq6.cif,1,111,0,0
1qet.cif,1,480,0,0
4e8r.cif,1,482,0,0
8te2.cif,1,68,0,0
8amj.cif,1,44,0,0
6n5k.cif,1,137,0,0
7eag.cif,1,95,0,0
2kxm.cif,1,280,0,0
8u5r.cif,1,174,0,0
8scf.cif,1,300,0,0
6n5t.cif,1,134,0,0
6q57.cif,1,94,0,0
1kd4.cif,1,93,0,0
8vy0.cif,1,132,0,0
5uzt.cif,1,310,0,0
4qk8.cif,1,134,0,0
5ay4.cif,1,183,0,0
2be0.cif,1,88,0,0
3czw.cif,1,85,0,0
2g32.cif,2,594,0,0
7f8z.cif,1,206,0,0
6dvk.cif,1,112,0,0
2rpt.cif,1,200,0,0
8olw.cif,1,428,0,0
7ju1.cif,1,580,0,0
8uye.cif,1,4050,0,0
1z2j.cif,1,900,0,0
3iqp.cif,1,199,0,0
2esi.cif,1,81,0,0
5da6.cif,1,269,0,0
1d0t.cif,1,210,0,0
2nby.cif,1,390,0,0
1me1.cif,1,120,0,0
3suh.cif,1,125,0,0
8vax.cif,1,220,0,0
6fz0.cif,1,66,0,0
7jrr.cif,1,105,0,0
9ec4.cif,1,274,0,0
2f4u.cif,1,75,0,0
3dio.cif,1,466,0,0
2aht.cif,1,540,0,0
5nwq.cif,1,154,0,0
4a4t.cif,1,110,0,0
3dhs.cif,1,230,0,0
8tkk.cif,1,118,0,0
2oj7.cif,1,80,0,0
2pcv.cif,1,350,0,0
9e5l.cif,1,550,0,0
7ucr.cif,1,108,0,0
7xsn.cif,1,387,0,0
3dix.cif,1,199,0,0
1t28.cif,1,34,0,0
8x9m.cif,1,753,0,0
7y2p.cif,2,139,0,0
4enc.cif,1,80,0,0
2yif.cif,2,150,0,0
8tjx.cif,1,392,0,0
7tzu.cif,1,88,0,0
1s34.cif,1,345,0,0
6qyz.cif,1,345,0,0
2rvo.cif,1,374,0,0
6pk9.cif,1,200,0,0
7elr.cif,1,163,0,0
7m3v.cif,1,77,0,0
1g3a.cif,1,12,0,0
7kvu.cif,1,105,0,0
8yzl.cif,1,200,0,0
8fw4.cif,1,186,0,0
6vuh.cif,1,73,0,0
2fdt.cif,1,396,0,0
2fcx.cif,1,87,0,0
3ds7.cif,1,771,0,0
2fey.cif,1,430,0,0
1ajf.cif,1,19,0,0
4nyc.cif,1,102,0,0
7yg8.cif,3,400,0,0
3b5s.cif,3,98,0,0
9did.cif,1,232,0,0
2ky1.cif,1,220,0,0
9i8b.cif,2,400,0,0
3slm.cif,1,165,0,0
9v4z.cif,1,93,0,0
1koc.cif,2,26,0,0
2kf0.cif,1,240,0,0
1rxa.cif,1,8,0,0
5fk4.cif,1,145,0,0
8hb3.cif,2,57,0,0
2kd8.cif,1,264,0,0
3skz.cif,1,157,0,0
6izp.cif,1,310,0,0
8tqx.cif,1,41,0,0
6az4.cif,2,44,0,0
361d.cif,1,261,0,0
7wie.cif,1,51,0,0
6xur.cif,1,91,0,0
8pfq.cif,1,194,0,0
2jyf.cif,1,860,0,0
2kuv.cif,1,480,0,0
2ktz.cif,1,390,0,0
1t4x.cif,1,144,0,0
3got.cif,1,282,0,0
8t5o.cif,1,129,0,0
2gis.cif,1,189,0,0
5tdj.cif,1,65,0,0
1k2g.cif,1,22,0,0
1yng.cif,1,496,0,0
2jxs.cif,2,210,0,0
1jtj.cif,1,437,0,0
1kpz.cif,1,28,0,0
4fax.cif,1,456,0,0
2r22.cif,1,176,0,0
6cy0.cif,1,239,0,0
